song_id,title_original,title_ko,producers,vocal_engines,main_link,lyrics_file,mood_tags,joy,sadness,dreamy,tension,dark,energy,cute,chaotic
s0001,オーバー！,오버!,Iyowa,"하츠네 미쿠(初音ミク),카아이 유키(歌愛ユキ)",https://youtu.be/_ZKSftirY3A?si=UE_klQDSAoWUInZP,s0001.txt,"dreamy,cute,chaotic,hopeful",95,50,100,70,55,95,90,85
s0002,たぶん終わり,아마도 끝,Iyowa,"하츠네 미쿠(初音ミク),v flower",https://youtu.be/GiDo4s1x9Mw?si=rr2oR3Jd7zRtMbXH,s0002.txt,"dreamy,lonely,nostalgic,mysterious",50,100,100,65,95,25,50,60
s0003,あだぽしゃ,애디포시어,Iyowa,하츠네 미쿠(初音ミク),https://youtu.be/Wr-2xcQkke4?si=6OD9ntelmHyA_83j,s0003.txt,"dreamy,dark,chaotic,despair",20,100,95,95,100,65,50,100
s0004,きゅうくらりん,두근 어질,Iyowa,카후(可不),https://youtu.be/2b1IexhKPz4?si=nD-pQOwKxTMXBfyn,s0004.txt,"dreamy,cute,chaotic,mysterious,despair",45,95,100,100,100,75,85,100
s0005,つづみぐさ,민들레,Iyowa,하츠네 미쿠(初音ミク),https://youtu.be/FpoZKD_nqbc?si=DjxvvwT0jlhWqJbK,s0005.txt,"dreamy,chaotic,nostalgic,mysterious",50,80,100,85,90,60,50,95
s0006,熱異常,열이상,Iyowa,"하츠네 미쿠(初音ミク),아다치 레이(足立レイ)",https://youtu.be/b2NTglk9tvI?si=Gr7I3zsZYKD4aQPp,s0006.txt,"sad,dreamy,chaotic,horror,despair",10,100,100,100,100,60,50,100
s0007,バベル,바벨,Iyowa,카사네 테토(重音テト),https://youtu.be/zSKwxQqrac0?si=hAYTKyIuxjY2aGK3,s0007.txt,"dreamy,cute,nostalgic,hopeful",100,70,100,50,50,60,90,50
s0008,ももいろの鍵,복숭아색 열쇠,Iyowa,하츠네 미쿠(初音ミク),https://youtu.be/sAUdWpemfGw?si=PLUJ4IUCtuCd6owO,s0008.txt,"dreamy,mysterious,hopeful",70,55,100,65,65,60,55,60
s0009,SLIP,슬립,Iyowa,GUMI,https://youtu.be/B62fBqw2gDM?si=Ke183cUY7QtpDn6b,s0009.txt,"sad,dreamy,lonely,nostalgic",55,100,100,50,85,15,50,50
s0010,散歩の邪魔,산책의 방해,Iyowa,카스카베 츠무기(春日部つむぎ),https://youtu.be/ctAMLdnQUfI?si=Ctsc4tM4V-KiIji9,s0010.txt,"happy,cute,funny",100,30,55,50,30,100,100,70
s0011,SHIAWASE FOR YOU!,시아와세 포 유,Iyowa,하츠네 미쿠(初音ミク),https://youtu.be/D7-lYDOpA50?si=yRxZEFQ9iRcvqKTQ,s0011.txt,"happy,cute,energetic",100,35,55,60,40,100,95,60
s0012,メルト・アイスクリーム,멜트 아이스크림,TRAP CHICK,"카사네 테토(重音テト),하츠네 미쿠(初音ミク)",https://youtu.be/aDA1B_We5w8?si=uOaxjolQYL4l2Y_h,s0012.txt,"dreamy,chaotic,horror",30,65,95,100,100,75,50,100
s0013,処刑拍手,처형박수,TRAP CHICK,카사네 테토(重音テト),https://youtu.be/YcxhmHEykPg?si=mluvXG1GC-au6ZuO,s0013.txt,"dark,angry,horror",15,85,65,100,100,90,50,100
s0014,承認してください、ジーニーさん！,승인해주세요 지니님!,TRAP CHICK,"카사네 테토(重音テト),오토마치 우나(音街ウナ)",https://youtu.be/XKZIQlqVjjk?si=QJAC3kNYZRQ3EcSy,s0014.txt,"cute,energetic,fast",85,40,55,70,50,100,85,70
s0015,mochimochi,모찌모찌,TAK,하츠네 미쿠(初音ミク),https://youtu.be/tQM8pfwmcU0?si=6muw7YQciQsSYSXV,s0015.txt,"happy,cute,energetic",100,35,55,60,40,100,95,60
s0016,LEMON MELON COOKIE,레몬 멜론 쿠키,TAK,하츠네 미쿠(初音ミク),https://youtu.be/5l8VZEyNRH8?si=Qzb9uMxBN6fBhtKd,s0016.txt,"happy,cute,energetic,electronic",100,35,70,70,40,100,95,70
s0017,PPPP,PPPP,TAK,"카사네 테토(重音テト),하츠네 미쿠(初音ミク)",https://youtu.be/8Cm-7oCq9HA?si=MEyDoWowh4W2diPy,s0017.txt,"cute,funny,fast",100,35,55,60,40,100,100,80
s0018,MTMTM,MTMTM,TAK,하츠네 미쿠(初音ミク),https://youtu.be/pIuQ_us5W4Y?si=v9-5O8zcPp1-lpty,s0018.txt,"happy,cute,chaotic,horror",80,50,65,100,90,100,95,100
s0019,numb numb,numb numb,TAK,"카사네 테토(重音テト),하츠네 미쿠(初音ミク)",https://youtu.be/ba7YbGO2aq4?si=-oNvcQ_TDlzjw3I9,s0019.txt,"dreamy,calm,romantic,electronic",85,70,100,45,55,45,60,50
s0020,次元通信,차원통신,뭐든지모에화,"카사네 테토(重音テト),하츠네 미쿠(初音ミク)",https://youtu.be/PqpCRSOUuIE?si=jDhzPxkm7B6SnpMG,s0020.txt,"sad,chaotic,mysterious,electronic",55,85,95,95,90,85,50,100
s0021,ヤラララ,야라라라,뭐든지모에화,카사네 테토(重音テト),https://youtu.be/T24rF_x0TmQ?si=46hnCYB4N6z17u2t,s0021.txt,"energetic,angry,horror,hopeful",60,60,70,100,100,100,55,100
s0022,アンドロイドガール,안드로이드 걸,DECO*27,하츠네 미쿠(初音ミク),https://youtu.be/uFRPeiAEO0M?si=N8WltLK-lMHfXGGG,s0022.txt,"sad,cute,angry,rock",65,95,60,95,90,100,85,85
s0023,ストリーミングハート,스트리밍 하트,DECO*27,하츠네 미쿠(初音ミク),https://youtu.be/9DD6JvY06Ok?si=ZRaZ5QhGXdqU-3Xe,s0023.txt,"dark,angry,chaotic,rock",35,80,55,100,100,100,50,100
s0024,ゴーストルール,고스트 룰,DECO*27,하츠네 미쿠(初音ミク),https://youtu.be/KushW6zvazM?si=X-ePXyB3wBVl9RPe,s0024.txt,"dark,energetic,fast,rock",55,60,55,95,95,100,50,90
s0025,セカイ,세카이,DECO*27,하츠네 미쿠(初音ミク),https://youtu.be/9vyIPWBeRes?si=-teUK569SrgxAtFe,s0025.txt,"happy,hopeful",100,35,60,50,30,85,65,50
s0026,ヴァンパイア,뱀파이어,DECO*27,하츠네 미쿠(初音ミク),https://youtu.be/e1xCOsgWG0M?si=VocDX7okxYrzErsn,s0026.txt,"dark,energetic,romantic,fast",75,65,70,80,85,100,60,80
s0027,モザイクロール (Reloaded),모자이크 롤 (Reloaded),DECO*27,하츠네 미쿠(初音ミク),https://youtu.be/WysuxO4yR04?si=9rtZIVvNPaAgSKWW,s0027.txt,"dark,lonely,romantic,hopeful,rock",85,100,95,75,100,80,65,70
s0028,アニマル,애니멀,DECO*27,하츠네 미쿠(初音ミク),https://youtu.be/HtBqK6xsQ9k?si=ZNl0WMgJIlOC_znq,s0028.txt,"energetic,chaotic,romantic",80,55,65,80,60,100,60,95
s0029,サラマンダー,샐러맨더,DECO*27,하츠네 미쿠(初音ミク),https://youtu.be/-H2PCK7DJsQ?si=EHm747jk_3yofjtG,s0029.txt,"energetic,angry,fast,rock",60,55,50,100,80,100,50,100
s0030,パラサイト,패러사이트,DECO*27,하츠네 미쿠(初音ミク),https://youtu.be/agcoHM2CJ3s?si=DX6hBQczykqCztuL,s0030.txt,"dark,angry,lonely,romantic,hopeful",80,100,95,90,100,90,65,85
s0031,ラビットホール,래빗 홀,DECO*27,하츠네 미쿠(初音ミク),https://youtu.be/eSW2LVbPThw?si=u_JsIXVUWJOa1BgE,s0031.txt,"cute,energetic,chaotic,fast",85,40,55,90,60,100,85,100
s0032,ルーキー,루키,DECO*27,하츠네 미쿠(初音ミク),https://youtu.be/owv06htaoI8?si=otd8Q36qcPDNHp68,s0032.txt,"dark,chaotic,mysterious,rock",35,75,80,100,100,100,50,100
s0033,モニタリング,모니터링,DECO*27,하츠네 미쿠(初音ミク),https://youtu.be/kbNdx0yqbZE?si=ACJbSSZrfEmZ9p_-,s0033.txt,"cute,lonely,chaotic,romantic,horror",70,95,95,100,100,80,95,100
s0034,テレパシ,텔레파시,DECO*27,하츠네 미쿠(初音ミク),https://youtu.be/c56TpxfO9q0?si=tnF6V9lImcZ92kdW,s0034.txt,"cute,energetic,chaotic",80,45,55,80,60,100,85,95
s0035,モニタリング (Best Friend Remix),모니터링 (베스트 프렌드 리믹스),DECO*27,하츠네 미쿠(初音ミク),https://youtu.be/C-CYwNz3z8w?si=U1zJOxn2rqAt2CEg,s0035.txt,"happy,cute,romantic,hopeful",100,45,80,50,30,95,100,50
s0036,愛言葉V,사랑의 말 V,DECO*27,하츠네 미쿠(初音ミク),https://youtu.be/hK82hfN_ymQ?si=7xZlqSsffkUU5Wf1,s0036.txt,"happy,cute,romantic",100,50,70,50,40,80,100,50
s0037,チェリーポップ,체리 팝,DECO*27,하츠네 미쿠(初音ミク),https://youtu.be/BI9Ue6JwJic?si=-Eih2cq3T6-YevA1,s0037.txt,"energetic,chaotic,romantic,fast",85,50,65,90,60,100,60,100
s0038,ラブパラ,러브파라,DECO*27,하츠네 미쿠(初音ミク),https://youtu.be/RgVLBtRLX9k?si=y4KBX3x9brBlEnOF,s0038.txt,"happy,energetic,lonely,hopeful",100,55,75,60,45,100,65,60
s0039,カイコ,회고,DECO*27,하츠네 미쿠(初音ミク),https://youtu.be/g0JEUPfmu9c?si=kRMynEVsCPiMefw2,s0039.txt,"dark,chaotic,romantic,horror,hopeful",65,80,90,100,100,95,65,100
s0040,ハオ,하오,DECO*27,하츠네 미쿠(初音ミク),https://youtu.be/3GzRDW3hZ1k?si=aHJKrS7bsXPbwh4n,s0040.txt,"happy,energetic,hopeful",100,30,60,60,30,100,65,60
s0041,サッドガール・セックス,새드 걸 섹스,DECO*27,하츠네 미쿠(初音ミク),https://youtu.be/GVXhyFPDClw?si=MN35Hk7RBRU6ukze,s0041.txt,"sad,dark,energetic,chaotic,fast",55,85,60,100,100,100,50,100
s0042,デビルじゃないもん,데빌이 아닌걸,"DECO*27,PINOCCHIOP",하츠네 미쿠(初音ミク),https://youtu.be/lMEt3RdqB9Y?si=hxwyoW9eyLC3Jts1,s0042.txt,"dark,rock",40,70,55,75,95,75,50,70
s0043,歌姫失格,가희실격,PINOCCHIOP,하츠네 미쿠(初音ミク),https://youtu.be/adE8jVLoLPo?si=u9TmrJOeh2yAf41W,s0043.txt,"energetic,calm,mysterious,hopeful",85,50,100,60,60,80,55,60
s0044,不死身ごっこ,불사신 놀이,PINOCCHIOP,하츠네 미쿠(初音ミク),https://youtu.be/hCc0iI8jdQU?si=SxZ3iHnwJ260nk61,s0044.txt,"dark,chaotic,horror,hopeful",45,70,75,100,100,95,55,100
s0045,愛属性,사랑 속성,PINOCCHIOP,하츠네 미쿠(初音ミク),https://youtu.be/Xx1TnVObQ0k?si=sSWG3fD3SYO0whea,s0045.txt,"sad,lonely,mysterious,hopeful",70,100,100,65,85,45,55,60
s0046,T氏の話を信じるな,T씨의 이야기를 믿지 마,PINOCCHIOP,"카사네 테토(重音テト),하츠네 미쿠(初音ミク)",https://youtu.be/Jtm6ikBIl0g?si=2WLzePMc22QmGTzz,s0046.txt,"energetic,chaotic,mysterious",55,50,75,95,80,100,50,100
s0047,超主人公,초주인공,PINOCCHIOP,하츠네 미쿠(初音ミク),https://youtu.be/thmR2SmkeDU?si=L4Uxm0fhBrzIOgEq,s0047.txt,"nostalgic,funny,fast",90,55,70,60,45,90,65,80
s0048,Aじゃないか,A이지 않은가,PINOCCHIOP,"하츠네 미쿠(初音ミク),카가미네 린(鏡音リン)",https://youtu.be/LUch7N9Gw28?si=NCw0-fFzqckdfiB_,s0048.txt,"happy,nostalgic,mysterious",80,65,95,65,65,60,60,60
s0049,ポケットのモンスター,포켓의 몬스터,PINOCCHIOP,하츠네 미쿠(初音ミク),https://youtu.be/lIoi2r3f5fU?si=MATkF00V4Ca_Hw-z,s0049.txt,"dreamy,calm,nostalgic,hopeful",85,75,100,35,50,30,55,40
s0050,アポカリプスなう,아포칼립스 나우,PINOCCHIOP,하츠네 미쿠(初音ミク),https://youtu.be/khnNHHGR8jw?si=vRRT3esK6PWllLdL,s0050.txt,"dark,chaotic,hopeful",65,60,65,80,85,90,55,95
s0051,匿名M,익명M,PINOCCHIOP,하츠네 미쿠(初音ミク),https://youtu.be/yiqEEL7ac6M?si=_kHVPvpNWa5H1htw,s0051.txt,"nostalgic,mysterious",50,75,95,65,75,40,50,60
s0052,コスモスパイス,코스모 스파이스,PINOCCHIOP,"카가미네 린(鏡音リン),하츠네 미쿠(初音ミク),카가미네 렌(鏡音レン)",https://youtu.be/pu1gbwsB9Os?si=XSCVp_AcR_LoVnhX,s0052.txt,"happy,funny,mysterious",100,35,75,65,50,90,75,80
s0053,神っぽいな,신 같네,PINOCCHIOP,하츠네 미쿠(初音ミク),https://youtu.be/EHBFKhLUVig?si=LnezMUyvQnMYmojL,s0053.txt,"angry,chaotic,mysterious",40,65,75,100,100,100,50,100
s0054,ねぇねぇねぇ。,있잖아 있잖아 있잖아.,PINOCCHIOP,"카가미네 린(鏡音リン),하츠네 미쿠(初音ミク)",https://youtu.be/w8yweCungCE?si=zcrlatcFz2HBAude,s0054.txt,"happy,cute,romantic",100,50,70,50,40,80,100,50
s0055,ノンブレス・オブリージュ,논브레스 오블리주,PINOCCHIOP,하츠네 미쿠(初音ミク),https://youtu.be/lw7pcm1W5tw?si=t8yIlJ8HnUDipNF4,s0055.txt,"dark,lonely,mysterious,hopeful,despair",40,100,100,90,100,50,55,80
s0056,ラヴィット,러빗,Iyowa,하츠네 미쿠(初音ミク),https://youtu.be/--41OGPMurU?si=F0-bDmy4-CZlWoqA,s0056.txt,"dark,lonely,hopeful",65,85,80,60,90,55,55,60
s0057,愛されなくても君がいる,사랑받지 못해도 네가 있어,PINOCCHIOP,하츠네 미쿠(初音ミク),https://youtu.be/ygY2qObZv24?si=a4hUKS1YgYXEvCaT,s0057.txt,"happy,dreamy,romantic",100,55,100,50,45,65,70,50
s0058,セカイはまだ始まってすらいない,세상은 아직 시작조차 하지 않았어,PINOCCHIOP,하츠네 미쿠(初音ミク),https://youtu.be/1s8NNPgdl5g?si=6pU9XTQLeMrubZN6,s0058.txt,"happy,dreamy,hopeful",100,40,95,50,35,80,65,50
s0059,アルティメットセンパイ,얼티밋 선배,PINOCCHIOP,하츠네 미쿠(初音ミク),https://youtu.be/MnJq5kSn-GY?si=xVurTWeJOjDQz2N7,s0059.txt,"dreamy,funny,hopeful",100,40,95,50,35,80,70,70
s0060,一千光年,일천광년,Iyowa,"GUMI,v flower,아다치 레이(足立レイ),카아이 유키(歌愛ユキ),카후(可不),하츠네 미쿠(初音ミク),세카이(星界),리메(裏命),하나쿠마 치후유(花隈千冬),VY1,SOLARIA",https://youtu.be/uB_jQ8H2Yeg?si=Qbv1GFfuItHAwL9z,s0060.txt,"happy,hopeful",100,35,60,50,30,85,65,50
s0061,たびのまえ、たびのあと,"여행 전, 여행 후",Iyowa,하츠네 미쿠(初音ミク),https://youtu.be/HbS1T4d1P70?si=c99zBvoqVETGD-Rx,s0061.txt,"happy,cute,energetic",100,35,55,60,40,100,95,60
s0062,ゆめみるうろこ,꿈꾸는 비늘,Iyowa,치세이(知声),https://youtu.be/7-2PUEl-7a4?si=RJ78W9LOMqhfiPtF,s0062.txt,"dreamy,energetic",60,50,85,60,55,80,50,60
s0063,ぷらいまり,프라이머리,Iyowa,카후(可不),https://youtu.be/pIF_snWKz2g?si=itPyumx-zM7enhbO,s0063.txt,"happy,cute,chaotic,mysterious",95,45,80,85,70,100,95,95
s0064,アプリコット,애프리콧,Iyowa,하츠네 미쿠(初音ミク),https://youtu.be/_uMDEIPgmFI?si=vNzZUQaJ97gUFF0D,s0064.txt,"cute,chaotic,horror",50,60,65,100,100,90,85,100
s0065,パジャミィ,파자미,Iyowa,하츠네 미쿠(初音ミク),https://youtu.be/aBZqxfnvaVA?si=cOpnFtuhXDkQp2ak,s0065.txt,"sad,cute,chaotic,hopeful",95,75,70,70,60,90,90,85
s0066,1000年生きてる,1000년 살고 있어,Iyowa,하츠네 미쿠(初音ミク),https://youtu.be/3em-J9yYPAo?si=81aGAyaRa3Byfy5C,s0066.txt,"dark,chaotic,hopeful",65,60,65,80,85,90,55,95
s0067,IMAWANOKIWA,IMAWANOKIWA,Iyowa,하츠네 미쿠(初音ミク),https://youtu.be/OVwCr2MESfo?si=r965evzuOQ7HoRyV,s0067.txt,"dark,chaotic,despair",20,100,60,95,100,70,50,100
s0068,水死体にもどらないで,익사체로 돌아가지 말아줘,Iyowa,"v flower,하츠네 미쿠(初音ミク)",https://youtu.be/1bTQMYnEf_Y?si=csEu6m4LgDPZ3Xf0,s0068.txt,"happy,sad,chaotic,electronic",90,70,70,80,60,100,60,95
s0069,メズマライザー,메스머라이저,사츠키,"카사네 테토(重音テト),하츠네 미쿠(初音ミク)",https://youtu.be/19y8YTbvri8?si=eBp_Ph9PhKHjqpTe,s0069.txt,"cute,chaotic,horror,electronic",60,60,80,100,100,100,85,100
s0070,グッバイ宣言,굿바이 선언,Chinozo,v flower,https://youtu.be/dHXC_ahjtEE?si=v02oMohOxV4qwLP0,s0070.txt,"energetic,hopeful,fast",90,35,60,70,40,100,55,70
s0071,TAMAYA,TAMAYA,Chinozo,v flower,https://youtu.be/H_WXMJ6dUGY?si=J2cN1tgYFJ-vJpwP,s0071.txt,"dreamy,nostalgic,hopeful",80,70,100,50,50,50,55,50
s0072,少女A,소녀A,시이나 모타,카가미네 린(鏡音リン),https://youtu.be/AqI97zHMoQw?si=yZppcRcEXe3A6ryD,s0072.txt,"dreamy,dark,lonely,hopeful",65,90,100,60,95,50,55,60
s0073,強風オールバック,강풍 올백,유코피,카아이 유키(歌愛ユキ),https://youtu.be/D6DVTLvOupE?si=kpuI9ywlx2A3YuGd,s0073.txt,"cute,funny",100,40,55,50,40,80,100,70
s0074,メルト,멜트,ryo,하츠네 미쿠(初音ミク),https://youtu.be/o1jAMSQyVPc?si=xvwopTFq5OQBYeRR,s0074.txt,"happy,cute,romantic",100,50,70,50,40,80,100,50
s0075,ワールドイズマイン,월드 이즈 마인,ryo,하츠네 미쿠(初音ミク),https://youtu.be/jhl5afLEKdo?si=71LYKk_hq2RgTTD2,s0075.txt,"dreamy,cute,romantic",90,65,100,50,55,55,95,50
s0076,バグ,버그,카이리키 베어,하츠네 미쿠(初音ミク),https://youtu.be/FkO8ub83wss?si=ZJUcKP_aGhNhNYGJ,s0076.txt,"dark,energetic",50,60,55,70,85,85,50,70
s0077,メロメロイド,헤롱헤롱로이드,카이리키 베어,하츠네 미쿠(初音ミク),https://youtu.be/TFpizvPDbec?si=WUWCT_KpN3iV9AiU,s0077.txt,"cute,chaotic,fast",75,45,55,80,60,100,85,95
s0078,ダーリンダンス,달링 댄스,카이리키 베어,하츠네 미쿠(初音ミク),https://youtu.be/Rkrm5foi188?si=97BoBD1YioG9DnFZ,s0078.txt,"cute,chaotic,romantic",90,60,70,70,60,85,95,85
s0079,おちゃめ機能,장난기 기능,라마즈P,카사네 테토(重音テト),https://youtu.be/yr3k-Ok9GE4?si=rACM1T8cgESSYzI3,s0079.txt,"happy,cute,romantic",100,50,70,50,40,80,100,50
s0080,ブレインロット,브레인롯,Tokyo Manaka,카사네 테토(重音テト),https://youtu.be/UsjsYMo3O1Q?si=XWt9MdEQNk-3KELN,s0080.txt,"dreamy,nostalgic,electronic",65,75,100,60,60,55,50,60
s0081,マーシャル・マキシマイザー,마셜 맥시마이저,히이라기 마그네타이트,카후(可不),https://youtu.be/jMKPYg0uhCI?si=6xCC6jT0znXMXwfQ,s0081.txt,"cute,mysterious,fast",70,50,80,75,70,90,85,70
s0082,テトリス,테토리스,히이라기 마그네타이트,카사네 테토(重音テト),https://youtu.be/Soy4jGPHr3g?si=duSlgWU1TydRrmzG,s0082.txt,"energetic,funny,fast",95,30,50,70,40,100,65,90
s0083,雑魚,잡어,히이라기 마그네타이트,"카사네 테토(重音テト),하츠네 미쿠(初音ミク)",https://youtu.be/kqj7b59D85Y?si=i-OnT0lGIYi8eWyX,s0083.txt,"happy,cute",100,40,55,50,40,80,95,50
s0084,混沌ブギ,혼돈 부기,jon-YAKITORY,하츠네 미쿠(初音ミク),https://youtu.be/1Swg-aBO9eY?si=Nj80rC9n2JOU8uny,s0084.txt,"energetic,chaotic",60,45,50,80,60,100,50,95
s0085,ハナタバ,꽃다발,MIMI,카후(可不),https://youtu.be/7xht3kQO_TM?si=BqgHon9-z7Mo-rvp,s0085.txt,"cute,lonely,hopeful",95,70,80,50,55,65,90,50
s0086,くうになる,텅 비어가,MIMI,"카후(可不),하츠네 미쿠(初音ミク)",https://youtu.be/f6TytcA47rI?si=vLqrqJxrpynETezT,s0086.txt,"dreamy,cute,hopeful",95,50,100,50,45,70,90,50
s0087,Spoken For,Spoken For,FLAVOR FOLEY,카사네 테토(重音テト),https://youtu.be/LvYL8u4p-aM?si=Hanr6iHLaAlagXex,s0087.txt,"dark,funny,despair,fast",55,85,60,85,100,95,65,100
s0088,POTETO CHIP,POTETO CHIP,ROMA,카사네 테토(重音テト),https://youtu.be/MMy7KXZPpyw?si=K-56qVSXySWSU264,s0088.txt,"funny,hopeful,fast,ballad",100,50,70,50,30,95,70,70
s0089,Pastel Pace,Pastel Pace,MiliSen,카사네 테토(重音テト),https://youtu.be/Z7GatxEz-t4?si=BRTw8_9IwS8LwACf,s0089.txt,"happy,dreamy,cute,romantic",100,55,100,50,45,75,100,50
s0090,いーあるふぁんくらぶ,하나둘 팬클럽,미키토P,"GUMI,카가미네 린(鏡音リン)",https://youtu.be/oBgADhsOoog?si=OhYQB6zS2ZQeOwtF,s0090.txt,"energetic,funny",90,35,50,60,40,100,65,80
s0091,クノイチでも恋がしたい,쿠노이치라도 사랑이 하고 싶어,미키토P,"카가미네 린(鏡音リン),하츠네 미쿠(初音ミク)",https://youtu.be/eI4F8vuxoQE?si=a6n4PgYv64i-niAN,s0091.txt,"cute,energetic,funny",100,35,55,60,40,100,100,80
s0092,バレリーコ,발레리코,미키토P,GUMI,https://youtu.be/4Ohpj2GDbRQ?si=ToGP05TelI0TfPvj,s0092.txt,"dark,energetic,fast",55,55,55,80,85,100,50,80
s0093,ロキ,로키,미키토P,카가미네 린(鏡音リン),https://youtu.be/Xg-qfsKN2_E?si=smbjWBeOwnPVtE5_,s0093.txt,"cute,energetic",80,45,55,60,50,95,85,60
s0094,少女レイ,소녀 레이,미키토P,하츠네 미쿠(初音ミク),https://youtu.be/JW3N-HvU0MA?si=-LjDbWsbV4gsVdrt,s0094.txt,"dreamy,romantic,hopeful",95,60,100,50,45,60,65,50
s0095,magnet,magnet,유성P,"하츠네 미쿠(初音ミク),메구리네 루카(巡音ルカ)",https://youtu.be/cf1ryWClGpU?si=CKy-7ntymKVjKQGu,s0095.txt,"lonely,romantic,ballad",75,100,90,40,65,20,60,40
s0096,マトリョシカ,마트료시카,하치,"GUMI,하츠네 미쿠(初音ミク)",https://youtu.be/HOz-9FzIDf0?si=IzR6Ekoy5YLvAp9J,s0096.txt,"chaotic,mysterious,fast",50,50,75,95,80,100,50,100
s0097,ドーナツホール,도넛 홀,하치,GUMI,https://youtu.be/qnX2CdOBcDI?si=ep3WZvU4VYAfbvGD,s0097.txt,"nostalgic,hopeful,fast",85,60,80,60,45,85,55,60
s0098,砂の惑星,모래의 행성,하치,하츠네 미쿠(初音ミク),https://youtu.be/AS4q9yaWJkI?si=odtpnyG4GflwJWpv,s0098.txt,"nostalgic,despair,fast",40,100,75,75,90,65,50,70
s0099,炉心融解,노심융해,iroha,카가미네 린(鏡音リン),https://youtu.be/dSw8CucthGc?si=CUJS_yDiN8-yfHV4,s0099.txt,"dark,energetic,despair",30,95,60,85,100,80,50,80
s0100,我ら!ゴミ分別団,우리! 쓰레기 분류단,카테라자와,"카사네 테토(重音テト),즌다몬(ずんだもん)",https://youtu.be/OreUrf87EUE?si=GGfZezBzp5_F4i8V,s0100.txt,"cute,funny",100,40,55,50,40,80,100,70
s0101,オーバーライド,오버라이드,요시다 야세이,카사네 테토(重音テト),https://youtu.be/LLjfal8jCYI?si=rRIsCAZOoethjgXd,s0101.txt,"sad,energetic,funny",90,65,55,60,50,95,65,80
s0102,ループザルーム,루프 더 룸,루시노,하츠네 미쿠(初音ミク),https://youtu.be/icBDYkfxpMs?si=wmJO7JOEmufcpxDi,s0102.txt,"chaotic,nostalgic,rock",55,75,70,85,75,90,50,95
s0103,バゥムクゥヘン・エンドロゥル,바움쿠헨 엔드롤,Amala,"카가미네 린(鏡音リン),카사네 테토(重音テト),하츠네 미쿠(初音ミク)",https://youtu.be/Dz5rALpx06M?si=izbmLFcYSqX_emqB,s0103.txt,"happy,dark,horror",50,65,65,90,100,75,60,80
s0104,ダイダイダイダイダイキライ,정말정말정말정말정말싫어,Amala,"카사네 테토(重音テト),하츠네 미쿠(初音ミク)",https://youtu.be/klIxS5o65C4?si=wf24PzNHSqEMm5aQ,s0104.txt,"energetic,chaotic,fast",65,40,50,90,60,100,50,100
s0105,アンチサイクロン,안티 사이클론,이나바 쿠모리,카아이 유키(歌愛ユキ),https://youtu.be/2_93SNGYgYs?si=U-8sTixnLtCMAUi-,s0105.txt,"cute,lonely,hopeful",95,70,80,50,55,65,90,50
s0106,リレイアウター,릴레이아우터,이나바 쿠모리,카아이 유키(歌愛ユキ),https://youtu.be/b56xjtP6Qac?si=bGepGwmv1efu43U9,s0106.txt,"cute,nostalgic,hopeful",100,65,85,50,45,65,90,50
s0107,ロストアンブレラ,로스트 엄브렐라,이나바 쿠모리,카아이 유키(歌愛ユキ),https://youtu.be/DeKLpgzh-qQ?si=gJCphzH2MZbEh4gf,s0107.txt,"dark,cute,chaotic",60,65,60,80,95,85,85,95
s0108,ローリンガール,롤링 걸,wowaka,하츠네 미쿠(初音ミク),https://youtu.be/vnw8zURAxkU?si=9SCeYLjr2uQLT2YJ,s0108.txt,"dark,hopeful,rock",65,65,65,75,85,90,55,70
s0109,初音ミクの消失,하츠네 미쿠의 소실,cosMo폭주P,하츠네 미쿠(初音ミク),https://youtu.be/VWVtIg5cdDU?si=dfdKdSDQh_F5W8SC,s0109.txt,"chaotic,fast,electronic",65,45,65,90,60,100,50,100
s0110,カンタレラ,칸타렐라,흑토끼P,"하츠네 미쿠(初音ミク),KAITO",https://youtu.be/OQz8nEKzgZs?si=rTGhU4kKmQABeS5F,s0110.txt,"sad,romantic,hopeful",95,85,80,50,50,55,65,50
s0111,上弦の月,상현달,흑토끼P,KAITO,https://youtu.be/-r_sn_pF5Pw?si=s6Yzvy748sbk5kBA,s0111.txt,"sad,romantic,ballad",75,100,80,40,60,20,60,40
s0112,千本桜,천본앵,흑토끼P,하츠네 미쿠(初音ミク),https://youtu.be/shs0rAiwsGQ?si=uhEEEG9me7ZJL4vV,s0112.txt,"energetic,nostalgic",65,65,70,60,55,75,50,60
s0113,ロミオとシンデレラ,로미오와 신데렐라,doriko,하츠네 미쿠(初音ミク),https://youtu.be/9HrOqmiEsN8?si=v37GzLFtMmOmptmK,s0113.txt,"chaotic,romantic,rock",70,65,65,85,70,100,60,95
s0114,みくみくにしてあげる♪,미쿠미쿠하게 해줄게♪,ika_mo,하츠네 미쿠(初音ミク),https://youtu.be/veZ9-V5p71A?si=5Z6F30CF-AEtd_Nv,s0114.txt,"happy,cute",100,40,55,50,40,80,95,50
s0115,ぽっぴっぽー,폿핏포,라마즈P,하츠네 미쿠(初音ミク),https://youtu.be/HQgaCVT9Bw8?si=qWRvlZgh7Nvs691q,s0115.txt,"cute,energetic,funny",100,35,55,60,40,100,100,80
s0116,キャンディークッキーチョコレート,캔디 쿠키 초콜릿,하로케루,"카사네 테토(重音テト),하츠네 미쿠(初音ミク)",https://youtu.be/bI3542HJRzY?si=hI0kOuxpgyINqxaQ,s0116.txt,"cute,funny,horror",80,50,65,80,80,85,100,90
s0117,だ・し・て,꺼・내・줘,하로케루,"카사네 테토(重音テト),하츠네 미쿠(初音ミク)",https://youtu.be/c4UFhgGrRCk?si=2Vocv3fwGzU5J--8,s0117.txt,"cute,angry,chaotic",65,60,55,100,80,100,85,100
s0118,シャルル,샤를,벌룬,v flower,https://youtu.be/TA5OFS_xX0c?si=EIBCMEHyv51wgIym,s0118.txt,"sad,romantic,rock",70,95,70,65,70,65,60,60
s0119,いますぐ輪廻,지금 바로 윤회,나키소,하츠네 미쿠(初音ミク),https://youtu.be/3iUgKH8c7p4?si=wSRR-xxMoZAoUZkh,s0119.txt,"cute,chaotic,horror",50,60,65,100,100,90,85,100
s0120,M@GICAL☆CURE! LOVE ♥ SHOT!,매지컬 큐어 러브 샷,SAWTOWNE,하츠네 미쿠(初音ミク),https://youtu.be/LaEgpNBt-bQ?si=U3zVXZio2qK7oAbB,s0120.txt,"cute,electronic",80,50,70,60,50,80,85,60
s0121,お返事まだカナ💦❓️おじさん構文😁❗️,답장 아직일까💦❓️ 아저씨 구문😁❗️,요시모토 아저씨,우이(雨衣),https://youtu.be/8E8aWeY-pAc?si=yibe0KgEGBv88fV0,s0121.txt,"cute,funny",100,40,55,50,40,80,100,70
